{"camera2RotateTranslate": {"rotation": [[0.8066378814899837, -0.02042850011585416, 0.5906928174003537], [0.023133582156883003, 0.9997279300995621, 0.00298381558339547], [-0.5905930625413253, 0.011257982139864849, 0.8068910039876493]], "translation": [[-119.62417889727718], [-0.07423443390858164], [42.158911447763266]]}, "camera1": {"intrinsic": [[35115.581152919374, 0.0, 652.0289273161117], [0.0, 25240.19400702167, 386.94761537164135], [0.0, 0.0, 1.0]], "distortion": [[47.41627045317783, -1.7389018859728547, 0.0, 0.0, 0.0, 0.0, 0.0, 0.0, 0.0, 0.0, 0.0, 0.0, 0.0, 0.0]]}, "camera2": {"intrinsic": [[23546.868043840637, 0.0, -386.6269157685687], [0.0, 24905.915213868408, 323.1385896646081], [0.0, 0.0, 1.0]], "distortion": [[14.834146023866495, 51.1985736416924, 0.0, 0.0, 0.0, 0.0, 0.0, 0.0, 0.0, 0.0, 0.0, 0.0, 0.0, 0.0]]}, "imgSize": {"size": [768, 1024]}, "globalTAngle": {"angle": [0.019051270505945316], "t": [-1.650238037109375, -10.48272705078125]}}